name,value,year,lastValue
AKDENIZ,13.0,2017.1,0.0
AKDENIZ,8.0,2017.2,13.0
AKDENIZ,15.0,2017.3,8.0
AKDENIZ,12.0,2017.4,15.0
AKDENIZ,7.0,2017.5,12.0
AKDENIZ,14.0,2017.6,7.0
AKDENIZ,11.0,2017.7,14.0
AKDENIZ,7.0,2017.8,11.0
AKDENIZ,5.0,2017.9,7.0
AKDENIZ,15.0,2017.10,5.0
AKDENIZ,10.0,2017.11,15.0
AKDENIZ,6.0,2017.12,10.0
AKDENIZ,16.0,2017.13,6.0
AKDENIZ,10.0,2017.14,16.0
AKDENIZ,9.0,2017.15,10.0
AKDENIZ,15.0,2017.16,9.0
AKDENIZ,19.0,2017.17,15.0
AKDENIZ,18.0,2017.18,19.0
AKDENIZ,11.0,2017.19,18.0
AKDENIZ,18.0,2017.20,11.0
AKDENIZ,10.0,2017.21,18.0
AKDENIZ,9.0,2017.22,10.0
AKDENIZ,19.0,2017.23,9.0
AKDENIZ,10.0,2017.24,19.0
AKDENIZ,20.0,2017.25,10.0
AKDENIZ,20.0,2017.26,20.0
AKDENIZ,19.0,2017.27,20.0
AKDENIZ,17.0,2017.28,19.0
AKDENIZ,9.0,2017.29,17.0
AKDENIZ,11.0,2017.30,9.0
AKDENIZ,11.0,2017.31,11.0
AKDENIZ,14.0,2017.32,11.0
AKDENIZ,19.0,2017.33,14.0
AKDENIZ,6.0,2017.34,19.0
AKDENIZ,5.0,2017.35,6.0
AKDENIZ,7.0,2017.36,5.0
AKDENIZ,8.0,2017.37,7.0
AKDENIZ,7.0,2017.38,8.0
AKDENIZ,10.0,2017.39,7.0
AKDENIZ,10.0,2017.40,10.0
AKDENIZ,8.0,2017.41,10.0
AKDENIZ,9.0,2017.42,8.0
AKDENIZ,6.0,2017.43,9.0
AKDENIZ,4.0,2017.44,6.0
AKDENIZ,6.0,2017.45,4.0
AKDENIZ,4.0,2017.46,6.0
AKDENIZ,8.0,2017.47,4.0
AKDENIZ,10.0,2017.48,8.0
AKDENIZ,6.0,2017.49,10.0
AKDENIZ,5.0,2017.50,6.0
AKDENIZ,7.0,2017.51,5.0
AKDENIZ,11.0,2017.52,7.0
AKDENIZ,564.0,2018,11.0
ALADAG,5.0,2017.1,0.0
ALADAG,3.0,2017.2,5.0
ALADAG,2.0,2017.3,3.0
ALADAG,0.0,2017.4,2.0
ALADAG,1.0,2017.5,0.0
ALADAG,3.0,2017.6,1.0
ALADAG,1.0,2017.7,3.0
ALADAG,5.0,2017.8,1.0
ALADAG,3.0,2017.9,5.0
ALADAG,12.0,2017.10,3.0
ALADAG,10.0,2017.11,12.0
ALADAG,10.0,2017.12,10.0
ALADAG,7.0,2017.13,10.0
ALADAG,3.0,2017.14,7.0
ALADAG,1.0,2017.15,3.0
ALADAG,1.0,2017.16,1.0
ALADAG,11.0,2017.17,1.0
ALADAG,8.0,2017.18,11.0
ALADAG,3.0,2017.19,8.0
ALADAG,6.0,2017.20,3.0
ALADAG,6.0,2017.21,6.0
ALADAG,6.0,2017.22,6.0
ALADAG,6.0,2017.23,6.0
ALADAG,3.0,2017.24,6.0
ALADAG,2.0,2017.25,3.0
ALADAG,7.0,2017.26,2.0
ALADAG,8.0,2017.27,7.0
ALADAG,14.0,2017.28,8.0
ALADAG,5.0,2017.29,14.0
ALADAG,4.0,2017.30,5.0
ALADAG,3.0,2017.31,4.0
ALADAG,3.0,2017.32,3.0
ALADAG,3.0,2017.33,3.0
ALADAG,3.0,2017.34,3.0
ALADAG,4.0,2017.35,3.0
ALADAG,1.0,2017.36,4.0
ALADAG,3.0,2017.37,1.0
ALADAG,2.0,2017.38,3.0
ALADAG,2.0,2017.39,2.0
ALADAG,3.0,2017.40,2.0
ALADAG,0.0,2017.41,3.0
ALADAG,4.0,2017.42,0.0
ALADAG,0.0,2017.43,4.0
ALADAG,0.0,2017.44,0.0
ALADAG,1.0,2017.45,0.0
ALADAG,2.0,2017.46,1.0
ALADAG,4.0,2017.47,2.0
ALADAG,3.0,2017.48,4.0
ALADAG,3.0,2017.49,3.0
ALADAG,1.0,2017.50,3.0
ALADAG,1.0,2017.51,1.0
ALADAG,4.0,2017.52,1.0
ALADAG,206.0,2018,4.0
ANTAKYA,32.0,2017.1,0.0
ANTAKYA,27.0,2017.2,32.0
ANTAKYA,25.0,2017.3,27.0
ANTAKYA,31.0,2017.4,25.0
ANTAKYA,26.0,2017.5,31.0
ANTAKYA,24.0,2017.6,26.0
ANTAKYA,15.0,2017.7,24.0
ANTAKYA,15.0,2017.8,15.0
ANTAKYA,15.0,2017.9,15.0
ANTAKYA,12.0,2017.10,15.0
ANTAKYA,18.0,2017.11,12.0
ANTAKYA,9.0,2017.12,18.0
ANTAKYA,26.0,2017.13,9.0
ANTAKYA,14.0,2017.14,26.0
ANTAKYA,20.0,2017.15,14.0
ANTAKYA,27.0,2017.16,20.0
ANTAKYA,18.0,2017.17,27.0
ANTAKYA,19.0,2017.18,18.0
ANTAKYA,30.0,2017.19,19.0
ANTAKYA,17.0,2017.20,30.0
ANTAKYA,17.0,2017.21,17.0
ANTAKYA,22.0,2017.22,17.0
ANTAKYA,11.0,2017.23,22.0
ANTAKYA,15.0,2017.24,11.0
ANTAKYA,10.0,2017.25,15.0
ANTAKYA,18.0,2017.26,10.0
ANTAKYA,18.0,2017.27,18.0
ANTAKYA,22.0,2017.28,18.0
ANTAKYA,11.0,2017.29,22.0
ANTAKYA,15.0,2017.30,11.0
ANTAKYA,17.0,2017.31,15.0
ANTAKYA,10.0,2017.32,17.0
ANTAKYA,11.0,2017.33,10.0
ANTAKYA,17.0,2017.34,11.0
ANTAKYA,18.0,2017.35,17.0
ANTAKYA,10.0,2017.36,18.0
ANTAKYA,13.0,2017.37,10.0
ANTAKYA,12.0,2017.38,13.0
ANTAKYA,20.0,2017.39,12.0
ANTAKYA,20.0,2017.40,20.0
ANTAKYA,23.0,2017.41,20.0
ANTAKYA,12.0,2017.42,23.0
ANTAKYA,19.0,2017.43,12.0
ANTAKYA,19.0,2017.44,19.0
ANTAKYA,10.0,2017.45,19.0
ANTAKYA,9.0,2017.46,10.0
ANTAKYA,20.0,2017.47,9.0
ANTAKYA,18.0,2017.48,20.0
ANTAKYA,25.0,2017.49,18.0
ANTAKYA,16.0,2017.50,25.0
ANTAKYA,17.0,2017.51,16.0
ANTAKYA,21.0,2017.52,17.0
ANTAKYA,936.0,2018,21.0
ARSUZ,17.0,2017.1,0.0
ARSUZ,15.0,2017.2,17.0
ARSUZ,3.0,2017.3,15.0
ARSUZ,2.0,2017.4,3.0
ARSUZ,8.0,2017.5,2.0
ARSUZ,13.0,2017.6,8.0
ARSUZ,13.0,2017.7,13.0
ARSUZ,6.0,2017.8,13.0
ARSUZ,15.0,2017.9,6.0
ARSUZ,14.0,2017.10,15.0
ARSUZ,5.0,2017.11,14.0
ARSUZ,9.0,2017.12,5.0
ARSUZ,10.0,2017.13,9.0
ARSUZ,8.0,2017.14,10.0
ARSUZ,5.0,2017.15,8.0
ARSUZ,9.0,2017.16,5.0
ARSUZ,9.0,2017.17,9.0
ARSUZ,11.0,2017.18,9.0
ARSUZ,14.0,2017.19,11.0
ARSUZ,10.0,2017.20,14.0
ARSUZ,11.0,2017.21,10.0
ARSUZ,9.0,2017.22,11.0
ARSUZ,12.0,2017.23,9.0
ARSUZ,8.0,2017.24,12.0
ARSUZ,16.0,2017.25,8.0
ARSUZ,18.0,2017.26,16.0
ARSUZ,10.0,2017.27,18.0
ARSUZ,11.0,2017.28,10.0
ARSUZ,12.0,2017.29,11.0
ARSUZ,9.0,2017.30,12.0
ARSUZ,7.0,2017.31,9.0
ARSUZ,8.0,2017.32,7.0
ARSUZ,2.0,2017.33,8.0
ARSUZ,5.0,2017.34,2.0
ARSUZ,4.0,2017.35,5.0
ARSUZ,4.0,2017.36,4.0
ARSUZ,9.0,2017.37,4.0
ARSUZ,8.0,2017.38,9.0
ARSUZ,6.0,2017.39,8.0
ARSUZ,3.0,2017.40,6.0
ARSUZ,5.0,2017.41,3.0
ARSUZ,10.0,2017.42,5.0
ARSUZ,4.0,2017.43,10.0
ARSUZ,2.0,2017.44,4.0
ARSUZ,3.0,2017.45,2.0
ARSUZ,2.0,2017.46,3.0
ARSUZ,6.0,2017.47,2.0
ARSUZ,3.0,2017.48,6.0
ARSUZ,6.0,2017.49,3.0
ARSUZ,9.0,2017.50,6.0
ARSUZ,7.0,2017.51,9.0
ARSUZ,4.0,2017.52,7.0
ARSUZ,429.0,2018,4.0
DORTYOL,5.0,2017.1,0.0
DORTYOL,9.0,2017.2,5.0
DORTYOL,16.0,2017.3,9.0
DORTYOL,14.0,2017.4,16.0
DORTYOL,17.0,2017.5,14.0
DORTYOL,17.0,2017.6,17.0
DORTYOL,14.0,2017.7,17.0
DORTYOL,6.0,2017.8,14.0
DORTYOL,11.0,2017.9,6.0
DORTYOL,4.0,2017.10,11.0
DORTYOL,14.0,2017.11,4.0
DORTYOL,8.0,2017.12,14.0
DORTYOL,12.0,2017.13,8.0
DORTYOL,4.0,2017.14,12.0
DORTYOL,8.0,2017.15,4.0
DORTYOL,12.0,2017.16,8.0
DORTYOL,9.0,2017.17,12.0
DORTYOL,16.0,2017.18,9.0
DORTYOL,14.0,2017.19,16.0
DORTYOL,6.0,2017.20,14.0
DORTYOL,14.0,2017.21,6.0
DORTYOL,14.0,2017.22,14.0
DORTYOL,10.0,2017.23,14.0
DORTYOL,10.0,2017.24,10.0
DORTYOL,12.0,2017.25,10.0
DORTYOL,17.0,2017.26,12.0
DORTYOL,20.0,2017.27,17.0
DORTYOL,13.0,2017.28,20.0
DORTYOL,12.0,2017.29,13.0
DORTYOL,8.0,2017.30,12.0
DORTYOL,13.0,2017.31,8.0
DORTYOL,7.0,2017.32,13.0
DORTYOL,9.0,2017.33,7.0
DORTYOL,19.0,2017.34,9.0
DORTYOL,9.0,2017.35,19.0
DORTYOL,9.0,2017.36,9.0
DORTYOL,3.0,2017.37,9.0
DORTYOL,12.0,2017.38,3.0
DORTYOL,9.0,2017.39,12.0
DORTYOL,5.0,2017.40,9.0
DORTYOL,9.0,2017.41,5.0
DORTYOL,10.0,2017.42,9.0
DORTYOL,9.0,2017.43,10.0
DORTYOL,14.0,2017.44,9.0
DORTYOL,21.0,2017.45,14.0
DORTYOL,12.0,2017.46,21.0
DORTYOL,12.0,2017.47,12.0
DORTYOL,7.0,2017.48,12.0
DORTYOL,22.0,2017.49,7.0
DORTYOL,17.0,2017.50,22.0
DORTYOL,16.0,2017.51,17.0
DORTYOL,22.0,2017.52,16.0
DORTYOL,612.0,2018,22.0
ERDEMLI,9.0,2017.1,0.0
ERDEMLI,35.0,2017.2,9.0
ERDEMLI,9.0,2017.3,35.0
ERDEMLI,13.0,2017.4,9.0
ERDEMLI,4.0,2017.5,13.0
ERDEMLI,5.0,2017.6,4.0
ERDEMLI,8.0,2017.7,5.0
ERDEMLI,11.0,2017.8,8.0
ERDEMLI,41.0,2017.9,11.0
ERDEMLI,11.0,2017.10,41.0
ERDEMLI,4.0,2017.11,11.0
ERDEMLI,5.0,2017.12,4.0
ERDEMLI,7.0,2017.13,5.0
ERDEMLI,8.0,2017.14,7.0
ERDEMLI,5.0,2017.15,8.0
ERDEMLI,8.0,2017.16,5.0
ERDEMLI,12.0,2017.17,8.0
ERDEMLI,8.0,2017.18,12.0
ERDEMLI,16.0,2017.19,8.0
ERDEMLI,7.0,2017.20,16.0
ERDEMLI,14.0,2017.21,7.0
ERDEMLI,11.0,2017.22,14.0
ERDEMLI,18.0,2017.23,11.0
ERDEMLI,9.0,2017.24,18.0
ERDEMLI,3.0,2017.25,9.0
ERDEMLI,30.0,2017.26,3.0
ERDEMLI,9.0,2017.27,30.0
ERDEMLI,19.0,2017.28,9.0
ERDEMLI,13.0,2017.29,19.0
ERDEMLI,14.0,2017.30,13.0
ERDEMLI,9.0,2017.31,14.0
ERDEMLI,4.0,2017.32,9.0
ERDEMLI,12.0,2017.33,4.0
ERDEMLI,7.0,2017.34,12.0
ERDEMLI,17.0,2017.35,7.0
ERDEMLI,9.0,2017.36,17.0
ERDEMLI,11.0,2017.37,9.0
ERDEMLI,10.0,2017.38,11.0
ERDEMLI,8.0,2017.39,10.0
ERDEMLI,2.0,2017.40,8.0
ERDEMLI,5.0,2017.41,2.0
ERDEMLI,2.0,2017.42,5.0
ERDEMLI,4.0,2017.43,2.0
ERDEMLI,5.0,2017.44,4.0
ERDEMLI,3.0,2017.45,5.0
ERDEMLI,6.0,2017.46,3.0
ERDEMLI,7.0,2017.47,6.0
ERDEMLI,5.0,2017.48,7.0
ERDEMLI,9.0,2017.49,5.0
ERDEMLI,8.0,2017.50,9.0
ERDEMLI,4.0,2017.51,8.0
ERDEMLI,6.0,2017.52,4.0
ERDEMLI,519.0,2018,6.0
ISKENDERUN,21.0,2017.1,0.0
ISKENDERUN,16.0,2017.2,21.0
ISKENDERUN,17.0,2017.3,16.0
ISKENDERUN,11.0,2017.4,17.0
ISKENDERUN,17.0,2017.5,11.0
ISKENDERUN,27.0,2017.6,17.0
ISKENDERUN,17.0,2017.7,27.0
ISKENDERUN,15.0,2017.8,17.0
ISKENDERUN,25.0,2017.9,15.0
ISKENDERUN,16.0,2017.10,25.0
ISKENDERUN,19.0,2017.11,16.0
ISKENDERUN,14.0,2017.12,19.0
ISKENDERUN,25.0,2017.13,14.0
ISKENDERUN,9.0,2017.14,25.0
ISKENDERUN,8.0,2017.15,9.0
ISKENDERUN,12.0,2017.16,8.0
ISKENDERUN,15.0,2017.17,12.0
ISKENDERUN,17.0,2017.18,15.0
ISKENDERUN,34.0,2017.19,17.0
ISKENDERUN,14.0,2017.20,34.0
ISKENDERUN,20.0,2017.21,14.0
ISKENDERUN,25.0,2017.22,20.0
ISKENDERUN,15.0,2017.23,25.0
ISKENDERUN,16.0,2017.24,15.0
ISKENDERUN,8.0,2017.25,16.0
ISKENDERUN,14.0,2017.26,8.0
ISKENDERUN,13.0,2017.27,14.0
ISKENDERUN,15.0,2017.28,13.0
ISKENDERUN,12.0,2017.29,15.0
ISKENDERUN,13.0,2017.30,12.0
ISKENDERUN,8.0,2017.31,13.0
ISKENDERUN,3.0,2017.32,8.0
ISKENDERUN,8.0,2017.33,3.0
ISKENDERUN,5.0,2017.34,8.0
ISKENDERUN,13.0,2017.35,5.0
ISKENDERUN,14.0,2017.36,13.0
ISKENDERUN,8.0,2017.37,14.0
ISKENDERUN,18.0,2017.38,8.0
ISKENDERUN,36.0,2017.39,18.0
ISKENDERUN,10.0,2017.40,36.0
ISKENDERUN,15.0,2017.41,10.0
ISKENDERUN,14.0,2017.42,15.0
ISKENDERUN,6.0,2017.43,14.0
ISKENDERUN,10.0,2017.44,6.0
ISKENDERUN,5.0,2017.45,10.0
ISKENDERUN,4.0,2017.46,5.0
ISKENDERUN,6.0,2017.47,4.0
ISKENDERUN,10.0,2017.48,6.0
ISKENDERUN,13.0,2017.49,10.0
ISKENDERUN,11.0,2017.50,13.0
ISKENDERUN,17.0,2017.51,11.0
ISKENDERUN,11.0,2017.52,17.0
ISKENDERUN,745.0,2018,11.0
MUT,18.0,2017.1,0.0
MUT,146.0,2017.2,18.0
MUT,55.0,2017.3,146.0
MUT,38.0,2017.4,55.0
MUT,73.0,2017.5,38.0
MUT,9.0,2017.6,73.0
MUT,7.0,2017.7,9.0
MUT,10.0,2017.8,7.0
MUT,6.0,2017.9,10.0
MUT,3.0,2017.10,6.0
MUT,36.0,2017.11,3.0
MUT,2.0,2017.12,36.0
MUT,10.0,2017.13,2.0
MUT,6.0,2017.14,10.0
MUT,4.0,2017.15,6.0
MUT,11.0,2017.16,4.0
MUT,8.0,2017.17,11.0
MUT,11.0,2017.18,8.0
MUT,7.0,2017.19,11.0
MUT,3.0,2017.20,7.0
MUT,6.0,2017.21,3.0
MUT,10.0,2017.22,6.0
MUT,5.0,2017.23,10.0
MUT,4.0,2017.24,5.0
MUT,6.0,2017.25,4.0
MUT,13.0,2017.26,6.0
MUT,14.0,2017.27,13.0
MUT,10.0,2017.28,14.0
MUT,9.0,2017.29,10.0
MUT,8.0,2017.30,9.0
MUT,9.0,2017.31,8.0
MUT,6.0,2017.32,9.0
MUT,6.0,2017.33,6.0
MUT,11.0,2017.34,6.0
MUT,10.0,2017.35,11.0
MUT,13.0,2017.36,10.0
MUT,6.0,2017.37,13.0
MUT,7.0,2017.38,6.0
MUT,11.0,2017.39,7.0
MUT,7.0,2017.40,11.0
MUT,10.0,2017.41,7.0
MUT,6.0,2017.42,10.0
MUT,6.0,2017.43,6.0
MUT,4.0,2017.44,6.0
MUT,2.0,2017.45,4.0
MUT,7.0,2017.46,2.0
MUT,11.0,2017.47,7.0
MUT,5.0,2017.48,11.0
MUT,3.0,2017.49,5.0
MUT,5.0,2017.50,3.0
MUT,8.0,2017.51,5.0
MUT,7.0,2017.52,8.0
MUT,708.0,2018,7.0
SAHINBEY,25.0,2017.1,0.0
SAHINBEY,31.0,2017.2,25.0
SAHINBEY,27.0,2017.3,31.0
SAHINBEY,39.0,2017.4,27.0
SAHINBEY,32.0,2017.5,39.0
SAHINBEY,34.0,2017.6,32.0
SAHINBEY,34.0,2017.7,34.0
SAHINBEY,29.0,2017.8,34.0
SAHINBEY,35.0,2017.9,29.0
SAHINBEY,28.0,2017.10,35.0
SAHINBEY,35.0,2017.11,28.0
SAHINBEY,35.0,2017.12,35.0
SAHINBEY,50.0,2017.13,35.0
SAHINBEY,55.0,2017.14,50.0
SAHINBEY,50.0,2017.15,55.0
SAHINBEY,47.0,2017.16,50.0
SAHINBEY,30.0,2017.17,47.0
SAHINBEY,48.0,2017.18,30.0
SAHINBEY,62.0,2017.19,48.0
SAHINBEY,45.0,2017.20,62.0
SAHINBEY,31.0,2017.21,45.0
SAHINBEY,27.0,2017.22,31.0
SAHINBEY,45.0,2017.23,27.0
SAHINBEY,26.0,2017.24,45.0
SAHINBEY,30.0,2017.25,26.0
SAHINBEY,41.0,2017.26,30.0
SAHINBEY,40.0,2017.27,41.0
SAHINBEY,28.0,2017.28,40.0
SAHINBEY,27.0,2017.29,28.0
SAHINBEY,29.0,2017.30,27.0
SAHINBEY,40.0,2017.31,29.0
SAHINBEY,22.0,2017.32,40.0
SAHINBEY,23.0,2017.33,22.0
SAHINBEY,32.0,2017.34,23.0
SAHINBEY,25.0,2017.35,32.0
SAHINBEY,29.0,2017.36,25.0
SAHINBEY,24.0,2017.37,29.0
SAHINBEY,33.0,2017.38,24.0
SAHINBEY,32.0,2017.39,33.0
SAHINBEY,27.0,2017.40,32.0
SAHINBEY,28.0,2017.41,27.0
SAHINBEY,19.0,2017.42,28.0
SAHINBEY,37.0,2017.43,19.0
SAHINBEY,26.0,2017.44,37.0
SAHINBEY,24.0,2017.45,26.0
SAHINBEY,29.0,2017.46,24.0
SAHINBEY,43.0,2017.47,29.0
SAHINBEY,48.0,2017.48,43.0
SAHINBEY,36.0,2017.49,48.0
SAHINBEY,30.0,2017.50,36.0
SAHINBEY,38.0,2017.51,30.0
SAHINBEY,36.0,2017.52,38.0
SAHINBEY,1776.0,2018,36.0
SARICAM,3.0,2017.1,0.0
SARICAM,4.0,2017.2,3.0
SARICAM,4.0,2017.3,4.0
SARICAM,2.0,2017.4,4.0
SARICAM,2.0,2017.5,2.0
SARICAM,3.0,2017.6,2.0
SARICAM,1.0,2017.7,3.0
SARICAM,3.0,2017.8,1.0
SARICAM,5.0,2017.9,3.0
SARICAM,4.0,2017.10,5.0
SARICAM,7.0,2017.11,4.0
SARICAM,6.0,2017.12,7.0
SARICAM,10.0,2017.13,6.0
SARICAM,5.0,2017.14,10.0
SARICAM,4.0,2017.15,5.0
SARICAM,10.0,2017.16,4.0
SARICAM,11.0,2017.17,10.0
SARICAM,10.0,2017.18,11.0
SARICAM,11.0,2017.19,10.0
SARICAM,3.0,2017.20,11.0
SARICAM,8.0,2017.21,3.0
SARICAM,14.0,2017.22,8.0
SARICAM,7.0,2017.23,14.0
SARICAM,8.0,2017.24,7.0
SARICAM,9.0,2017.25,8.0
SARICAM,3.0,2017.26,9.0
SARICAM,12.0,2017.27,3.0
SARICAM,3.0,2017.28,12.0
SARICAM,11.0,2017.29,3.0
SARICAM,9.0,2017.30,11.0
SARICAM,7.0,2017.31,9.0
SARICAM,8.0,2017.32,7.0
SARICAM,5.0,2017.33,8.0
SARICAM,20.0,2017.34,5.0
SARICAM,5.0,2017.35,20.0
SARICAM,14.0,2017.36,5.0
SARICAM,33.0,2017.37,14.0
SARICAM,13.0,2017.38,33.0
SARICAM,15.0,2017.39,13.0
SARICAM,15.0,2017.40,15.0
SARICAM,12.0,2017.41,15.0
SARICAM,11.0,2017.42,12.0
SARICAM,12.0,2017.43,11.0
SARICAM,18.0,2017.44,12.0
SARICAM,14.0,2017.45,18.0
SARICAM,7.0,2017.46,14.0
SARICAM,9.0,2017.47,7.0
SARICAM,5.0,2017.48,9.0
SARICAM,18.0,2017.49,5.0
SARICAM,10.0,2017.50,18.0
SARICAM,8.0,2017.51,10.0
SARICAM,11.0,2017.52,8.0
SARICAM,462.0,2018,11.0
SEHITKAMIL,34.0,2017.1,0.0
SEHITKAMIL,27.0,2017.2,34.0
SEHITKAMIL,36.0,2017.3,27.0
SEHITKAMIL,21.0,2017.4,36.0
SEHITKAMIL,55.0,2017.5,21.0
SEHITKAMIL,31.0,2017.6,55.0
SEHITKAMIL,31.0,2017.7,31.0
SEHITKAMIL,44.0,2017.8,31.0
SEHITKAMIL,33.0,2017.9,44.0
SEHITKAMIL,33.0,2017.10,33.0
SEHITKAMIL,33.0,2017.11,33.0
SEHITKAMIL,34.0,2017.12,33.0
SEHITKAMIL,38.0,2017.13,34.0
SEHITKAMIL,46.0,2017.14,38.0
SEHITKAMIL,33.0,2017.15,46.0
SEHITKAMIL,42.0,2017.16,33.0
SEHITKAMIL,40.0,2017.17,42.0
SEHITKAMIL,37.0,2017.18,40.0
SEHITKAMIL,75.0,2017.19,37.0
SEHITKAMIL,41.0,2017.20,75.0
SEHITKAMIL,40.0,2017.21,41.0
SEHITKAMIL,59.0,2017.22,40.0
SEHITKAMIL,47.0,2017.23,59.0
SEHITKAMIL,34.0,2017.24,47.0
SEHITKAMIL,35.0,2017.25,34.0
SEHITKAMIL,84.0,2017.26,35.0
SEHITKAMIL,21.0,2017.27,84.0
SEHITKAMIL,28.0,2017.28,21.0
SEHITKAMIL,26.0,2017.29,28.0
SEHITKAMIL,23.0,2017.30,26.0
SEHITKAMIL,15.0,2017.31,23.0
SEHITKAMIL,21.0,2017.32,15.0
SEHITKAMIL,19.0,2017.33,21.0
SEHITKAMIL,28.0,2017.34,19.0
SEHITKAMIL,13.0,2017.35,28.0
SEHITKAMIL,8.0,2017.36,13.0
SEHITKAMIL,26.0,2017.37,8.0
SEHITKAMIL,11.0,2017.38,26.0
SEHITKAMIL,18.0,2017.39,11.0
SEHITKAMIL,22.0,2017.40,18.0
SEHITKAMIL,23.0,2017.41,22.0
SEHITKAMIL,16.0,2017.42,23.0
SEHITKAMIL,13.0,2017.43,16.0
SEHITKAMIL,21.0,2017.44,13.0
SEHITKAMIL,23.0,2017.45,21.0
SEHITKAMIL,18.0,2017.46,23.0
SEHITKAMIL,22.0,2017.47,18.0
SEHITKAMIL,24.0,2017.48,22.0
SEHITKAMIL,23.0,2017.49,24.0
SEHITKAMIL,30.0,2017.50,23.0
SEHITKAMIL,18.0,2017.51,30.0
SEHITKAMIL,33.0,2017.52,18.0
SEHITKAMIL,1606.0,2018,33.0
SEYHAN,34.0,2017.1,0.0
SEYHAN,16.0,2017.2,34.0
SEYHAN,32.0,2017.3,16.0
SEYHAN,18.0,2017.4,32.0
SEYHAN,12.0,2017.5,18.0
SEYHAN,13.0,2017.6,12.0
SEYHAN,22.0,2017.7,13.0
SEYHAN,23.0,2017.8,22.0
SEYHAN,17.0,2017.9,23.0
SEYHAN,13.0,2017.10,17.0
SEYHAN,25.0,2017.11,13.0
SEYHAN,17.0,2017.12,25.0
SEYHAN,28.0,2017.13,17.0
SEYHAN,27.0,2017.14,28.0
SEYHAN,26.0,2017.15,27.0
SEYHAN,19.0,2017.16,26.0
SEYHAN,28.0,2017.17,19.0
SEYHAN,17.0,2017.18,28.0
SEYHAN,39.0,2017.19,17.0
SEYHAN,29.0,2017.20,39.0
SEYHAN,33.0,2017.21,29.0
SEYHAN,20.0,2017.22,33.0
SEYHAN,32.0,2017.23,20.0
SEYHAN,29.0,2017.24,32.0
SEYHAN,25.0,2017.25,29.0
SEYHAN,24.0,2017.26,25.0
SEYHAN,28.0,2017.27,24.0
SEYHAN,26.0,2017.28,28.0
SEYHAN,14.0,2017.29,26.0
SEYHAN,15.0,2017.30,14.0
SEYHAN,16.0,2017.31,15.0
SEYHAN,10.0,2017.32,16.0
SEYHAN,18.0,2017.33,10.0
SEYHAN,12.0,2017.34,18.0
SEYHAN,16.0,2017.35,12.0
SEYHAN,24.0,2017.36,16.0
SEYHAN,26.0,2017.37,24.0
SEYHAN,27.0,2017.38,26.0
SEYHAN,25.0,2017.39,27.0
SEYHAN,35.0,2017.40,25.0
SEYHAN,14.0,2017.41,35.0
SEYHAN,22.0,2017.42,14.0
SEYHAN,15.0,2017.43,22.0
SEYHAN,21.0,2017.44,15.0
SEYHAN,19.0,2017.45,21.0
SEYHAN,17.0,2017.46,19.0
SEYHAN,23.0,2017.47,17.0
SEYHAN,13.0,2017.48,23.0
SEYHAN,17.0,2017.49,13.0
SEYHAN,15.0,2017.50,17.0
SEYHAN,21.0,2017.51,15.0
SEYHAN,17.0,2017.52,21.0
SEYHAN,1124.0,2018,17.0
SILIFKE,32.0,2017.1,0.0
SILIFKE,25.0,2017.2,32.0
SILIFKE,6.0,2017.3,25.0
SILIFKE,4.0,2017.4,6.0
SILIFKE,5.0,2017.5,4.0
SILIFKE,3.0,2017.6,5.0
SILIFKE,5.0,2017.7,3.0
SILIFKE,7.0,2017.8,5.0
SILIFKE,38.0,2017.9,7.0
SILIFKE,0.0,2017.10,38.0
SILIFKE,2.0,2017.11,0.0
SILIFKE,8.0,2017.12,2.0
SILIFKE,4.0,2017.13,8.0
SILIFKE,2.0,2017.14,4.0
SILIFKE,5.0,2017.15,2.0
SILIFKE,9.0,2017.16,5.0
SILIFKE,10.0,2017.17,9.0
SILIFKE,1.0,2017.18,10.0
SILIFKE,10.0,2017.19,1.0
SILIFKE,6.0,2017.20,10.0
SILIFKE,20.0,2017.21,6.0
SILIFKE,8.0,2017.22,20.0
SILIFKE,13.0,2017.23,8.0
SILIFKE,8.0,2017.24,13.0
SILIFKE,12.0,2017.25,8.0
SILIFKE,15.0,2017.26,12.0
SILIFKE,8.0,2017.27,15.0
SILIFKE,8.0,2017.28,8.0
SILIFKE,3.0,2017.29,8.0
SILIFKE,6.0,2017.30,3.0
SILIFKE,4.0,2017.31,6.0
SILIFKE,3.0,2017.32,4.0
SILIFKE,2.0,2017.33,3.0
SILIFKE,6.0,2017.34,2.0
SILIFKE,11.0,2017.35,6.0
SILIFKE,4.0,2017.36,11.0
SILIFKE,2.0,2017.37,4.0
SILIFKE,2.0,2017.38,2.0
SILIFKE,4.0,2017.39,2.0
SILIFKE,7.0,2017.40,4.0
SILIFKE,7.0,2017.41,7.0
SILIFKE,4.0,2017.42,7.0
SILIFKE,3.0,2017.43,4.0
SILIFKE,4.0,2017.44,3.0
SILIFKE,2.0,2017.45,4.0
SILIFKE,2.0,2017.46,2.0
SILIFKE,1.0,2017.47,2.0
SILIFKE,3.0,2017.48,1.0
SILIFKE,5.0,2017.49,3.0
SILIFKE,5.0,2017.50,5.0
SILIFKE,3.0,2017.51,5.0
SILIFKE,17.0,2017.52,3.0
SILIFKE,384.0,2018,17.0
TARSUS,15.0,2017.1,0.0
TARSUS,10.0,2017.2,15.0
TARSUS,12.0,2017.3,10.0
TARSUS,11.0,2017.4,12.0
TARSUS,5.0,2017.5,11.0
TARSUS,12.0,2017.6,5.0
TARSUS,13.0,2017.7,12.0
TARSUS,14.0,2017.8,13.0
TARSUS,8.0,2017.9,14.0
TARSUS,8.0,2017.10,8.0
TARSUS,11.0,2017.11,8.0
TARSUS,7.0,2017.12,11.0
TARSUS,18.0,2017.13,7.0
TARSUS,14.0,2017.14,18.0
TARSUS,14.0,2017.15,14.0
TARSUS,24.0,2017.16,14.0
TARSUS,18.0,2017.17,24.0
TARSUS,16.0,2017.18,18.0
TARSUS,29.0,2017.19,16.0
TARSUS,12.0,2017.20,29.0
TARSUS,23.0,2017.21,12.0
TARSUS,22.0,2017.22,23.0
TARSUS,29.0,2017.23,22.0
TARSUS,17.0,2017.24,29.0
TARSUS,14.0,2017.25,17.0
TARSUS,34.0,2017.26,14.0
TARSUS,20.0,2017.27,34.0
TARSUS,17.0,2017.28,20.0
TARSUS,10.0,2017.29,17.0
TARSUS,21.0,2017.30,10.0
TARSUS,16.0,2017.31,21.0
TARSUS,7.0,2017.32,16.0
TARSUS,15.0,2017.33,7.0
TARSUS,18.0,2017.34,15.0
TARSUS,14.0,2017.35,18.0
TARSUS,19.0,2017.36,14.0
TARSUS,24.0,2017.37,19.0
TARSUS,15.0,2017.38,24.0
TARSUS,21.0,2017.39,15.0
TARSUS,12.0,2017.40,21.0
TARSUS,18.0,2017.41,12.0
TARSUS,15.0,2017.42,18.0
TARSUS,19.0,2017.43,15.0
TARSUS,15.0,2017.44,19.0
TARSUS,11.0,2017.45,15.0
TARSUS,10.0,2017.46,11.0
TARSUS,24.0,2017.47,10.0
TARSUS,18.0,2017.48,24.0
TARSUS,21.0,2017.49,18.0
TARSUS,10.0,2017.50,21.0
TARSUS,19.0,2017.51,10.0
TARSUS,17.0,2017.52,19.0
TARSUS,836.0,2018,17.0
TOROSLAR,8.0,2017.1,0.0
TOROSLAR,11.0,2017.2,8.0
TOROSLAR,11.0,2017.3,11.0
TOROSLAR,9.0,2017.4,11.0
TOROSLAR,4.0,2017.5,9.0
TOROSLAR,7.0,2017.6,4.0
TOROSLAR,10.0,2017.7,7.0
TOROSLAR,4.0,2017.8,10.0
TOROSLAR,6.0,2017.9,4.0
TOROSLAR,16.0,2017.10,6.0
TOROSLAR,6.0,2017.11,16.0
TOROSLAR,8.0,2017.12,6.0
TOROSLAR,17.0,2017.13,8.0
TOROSLAR,5.0,2017.14,17.0
TOROSLAR,10.0,2017.15,5.0
TOROSLAR,14.0,2017.16,10.0
TOROSLAR,11.0,2017.17,14.0
TOROSLAR,15.0,2017.18,11.0
TOROSLAR,12.0,2017.19,15.0
TOROSLAR,16.0,2017.20,12.0
TOROSLAR,6.0,2017.21,16.0
TOROSLAR,22.0,2017.22,6.0
TOROSLAR,14.0,2017.23,22.0
TOROSLAR,11.0,2017.24,14.0
TOROSLAR,16.0,2017.25,11.0
TOROSLAR,23.0,2017.26,16.0
TOROSLAR,17.0,2017.27,23.0
TOROSLAR,11.0,2017.28,17.0
TOROSLAR,8.0,2017.29,11.0
TOROSLAR,16.0,2017.30,8.0
TOROSLAR,15.0,2017.31,16.0
TOROSLAR,4.0,2017.32,15.0
TOROSLAR,10.0,2017.33,4.0
TOROSLAR,6.0,2017.34,10.0
TOROSLAR,11.0,2017.35,6.0
TOROSLAR,8.0,2017.36,11.0
TOROSLAR,6.0,2017.37,8.0
TOROSLAR,7.0,2017.38,6.0
TOROSLAR,6.0,2017.39,7.0
TOROSLAR,4.0,2017.40,6.0
TOROSLAR,13.0,2017.41,4.0
TOROSLAR,4.0,2017.42,13.0
TOROSLAR,11.0,2017.43,4.0
TOROSLAR,9.0,2017.44,11.0
TOROSLAR,6.0,2017.45,9.0
TOROSLAR,8.0,2017.46,6.0
TOROSLAR,6.0,2017.47,8.0
TOROSLAR,10.0,2017.48,6.0
TOROSLAR,7.0,2017.49,10.0
TOROSLAR,10.0,2017.50,7.0
TOROSLAR,4.0,2017.51,10.0
TOROSLAR,5.0,2017.52,4.0
TOROSLAR,514.0,2018,5.0
YENISEHIR,5.0,2017.1,0.0
YENISEHIR,7.0,2017.2,5.0
YENISEHIR,6.0,2017.3,7.0
YENISEHIR,5.0,2017.4,6.0
YENISEHIR,8.0,2017.5,5.0
YENISEHIR,4.0,2017.6,8.0
YENISEHIR,6.0,2017.7,4.0
YENISEHIR,3.0,2017.8,6.0
YENISEHIR,5.0,2017.9,3.0
YENISEHIR,2.0,2017.10,5.0
YENISEHIR,2.0,2017.11,2.0
YENISEHIR,4.0,2017.12,2.0
YENISEHIR,4.0,2017.13,4.0
YENISEHIR,3.0,2017.14,4.0
YENISEHIR,4.0,2017.15,3.0
YENISEHIR,4.0,2017.16,4.0
YENISEHIR,9.0,2017.17,4.0
YENISEHIR,8.0,2017.18,9.0
YENISEHIR,8.0,2017.19,8.0
YENISEHIR,3.0,2017.20,8.0
YENISEHIR,3.0,2017.21,3.0
YENISEHIR,6.0,2017.22,3.0
YENISEHIR,5.0,2017.23,6.0
YENISEHIR,9.0,2017.24,5.0
YENISEHIR,13.0,2017.25,9.0
YENISEHIR,25.0,2017.26,13.0
YENISEHIR,9.0,2017.27,25.0
YENISEHIR,9.0,2017.28,9.0
YENISEHIR,8.0,2017.29,9.0
YENISEHIR,13.0,2017.30,8.0
YENISEHIR,20.0,2017.31,13.0
YENISEHIR,3.0,2017.32,20.0
YENISEHIR,4.0,2017.33,3.0
YENISEHIR,3.0,2017.34,4.0
YENISEHIR,3.0,2017.35,3.0
YENISEHIR,5.0,2017.36,3.0
YENISEHIR,1.0,2017.37,5.0
YENISEHIR,2.0,2017.38,1.0
YENISEHIR,2.0,2017.39,2.0
YENISEHIR,0.0,2017.40,2.0
YENISEHIR,1.0,2017.41,0.0
YENISEHIR,3.0,2017.42,1.0
YENISEHIR,3.0,2017.43,3.0
YENISEHIR,3.0,2017.44,3.0
YENISEHIR,2.0,2017.45,3.0
YENISEHIR,0.0,2017.46,2.0
YENISEHIR,2.0,2017.47,0.0
YENISEHIR,1.0,2017.48,2.0
YENISEHIR,4.0,2017.49,1.0
YENISEHIR,2.0,2017.50,4.0
YENISEHIR,2.0,2017.51,2.0
YENISEHIR,4.0,2017.52,2.0
YENISEHIR,270.0,2018,4.0
YUREGIR,4.0,2017.1,0.0
YUREGIR,7.0,2017.2,4.0
YUREGIR,13.0,2017.3,7.0
YUREGIR,7.0,2017.4,13.0
YUREGIR,15.0,2017.5,7.0
YUREGIR,9.0,2017.6,15.0
YUREGIR,23.0,2017.7,9.0
YUREGIR,13.0,2017.8,23.0
YUREGIR,15.0,2017.9,13.0
YUREGIR,20.0,2017.10,15.0
YUREGIR,17.0,2017.11,20.0
YUREGIR,11.0,2017.12,17.0
YUREGIR,13.0,2017.13,11.0
YUREGIR,10.0,2017.14,13.0
YUREGIR,11.0,2017.15,10.0
YUREGIR,12.0,2017.16,11.0
YUREGIR,21.0,2017.17,12.0
YUREGIR,15.0,2017.18,21.0
YUREGIR,15.0,2017.19,15.0
YUREGIR,16.0,2017.20,15.0
YUREGIR,12.0,2017.21,16.0
YUREGIR,12.0,2017.22,12.0
YUREGIR,14.0,2017.23,12.0
YUREGIR,19.0,2017.24,14.0
YUREGIR,13.0,2017.25,19.0
YUREGIR,12.0,2017.26,13.0
YUREGIR,11.0,2017.27,12.0
YUREGIR,12.0,2017.28,11.0
YUREGIR,12.0,2017.29,12.0
YUREGIR,8.0,2017.30,12.0
YUREGIR,14.0,2017.31,8.0
YUREGIR,6.0,2017.32,14.0
YUREGIR,10.0,2017.33,6.0
YUREGIR,6.0,2017.34,10.0
YUREGIR,10.0,2017.35,6.0
YUREGIR,13.0,2017.36,10.0
YUREGIR,11.0,2017.37,13.0
YUREGIR,13.0,2017.38,11.0
YUREGIR,10.0,2017.39,13.0
YUREGIR,13.0,2017.40,10.0
YUREGIR,16.0,2017.41,13.0
YUREGIR,18.0,2017.42,16.0
YUREGIR,8.0,2017.43,18.0
YUREGIR,15.0,2017.44,8.0
YUREGIR,13.0,2017.45,15.0
YUREGIR,5.0,2017.46,13.0
YUREGIR,7.0,2017.47,5.0
YUREGIR,15.0,2017.48,7.0
YUREGIR,26.0,2017.49,15.0
YUREGIR,11.0,2017.50,26.0
YUREGIR,5.0,2017.51,11.0
YUREGIR,7.0,2017.52,5.0
YUREGIR,644.0,2018,7.0
